{
  "project_info": {
    "project_number": "958767049722",
    "firebase_url": "https://fir-app-f156c.firebaseio.com",
    "project_id": "fir-app-f156c",
    "storage_bucket": "fir-app-f156c.appspot.com"
  },
  "client": [
    {
      "client_info": {
        "mobilesdk_app_id": "1:958767049722:android:814ca74e9a515838d81243",
        "android_client_info": {
          "package_name": "com.example.firebaseapp"
        }
      },
      "oauth_client": [
        {
          "client_id": "958767049722-e4c7rei5bgvldupvu4g7q8mpcofe4e95.apps.googleusercontent.com",
          "client_type": 1,
          "android_info": {
            "package_name": "com.example.firebaseapp",
            "certificate_hash": "d9d5dbe67e7a31e03737da092c7dd40a24df0d7f"
          }
        },
        {
          "client_id": "958767049722-07bbsh5i4qbvbtkunqac90a850ctrmv1.apps.googleusercontent.com",
          "client_type": 3
        }
      ],
      "api_key": [
        {
          "current_key": "AIzaSyACn6HbKqgkicABMBbVmR07B8nCk6SVLlY"
        }
      ],
      "services": {
        "appinvite_service": {
          "other_platform_oauth_client": [
            {
              "client_id": "958767049722-07bbsh5i4qbvbtkunqac90a850ctrmv1.apps.googleusercontent.com",
              "client_type": 3
            }
          ]
        }
      }
    }
  ],
  "configuration_version": "1"
}